{
  "project_info": {
    "project_number": "688500365030",
    "project_id": "dberronka3t",
    "storage_bucket": "dberronka3t.firebasestorage.app"
  },
  "client": [
    {
      "client_info": {
        "mobilesdk_app_id": "1:688500365030:android:631ab85f13d273a11d0d27",
        "android_client_info": {
          "package_name": "com.example.erronkat3"
        }
      },
      "oauth_client": [],
      "api_key": [
        {
          "current_key": "AIzaSyDWPVk0WvMc3HqbT0kUNe6tF922elVU1x8"
        }
      ],
      "services": {
        "appinvite_service": {
          "other_platform_oauth_client": []
        }
      }
    }
  ],
  "configuration_version": "1"
}